


INSERT INTO PRODUCT(PRO_ID,PRO_NAME,PRO_DESC,CAT_ID) VALUES(1, 'GTA V','Windows 7 and above with i5 processor and 8GB RAM','2');
INSERT INTO PRODUCT(PRO_ID,PRO_NAME,PRO_DESC,CAT_ID) VALUES(2, 'TSHIRT','SIZE-L with Black, Blue and White variations',5);
INSERT INTO PRODUCT(PRO_ID,PRO_NAME,PRO_DESC,CAT_ID) VALUES(3, 'ROG LAPTOP','Windows 10 with 15inch screen, i7 processor, 1TB SSD',4);
INSERT INTO PRODUCT(PRO_ID,PRO_NAME,PRO_DESC,CAT_ID) VALUES(4, 'OATS','Highly Nutritious from Nestle',3);
INSERT INTO PRODUCT(PRO_ID,PRO_NAME,PRO_DESC,CAT_ID) VALUES(5, 'HARRY POTTER','Best Collection of all time by J.K Rowling',1);
INSERT INTO PRODUCT (PRO_ID,PRO_NAME,PRO_DESC,CAT_ID) VALUES(6, 'MILK','1L Toned MIlk',3);
INSERT INTO PRODUCT (PRO_ID,PRO_NAME,PRO_DESC,CAT_ID) VALUES(7, 'Boat Earphones','1.5Meter long Dolby Atmos',4);
INSERT INTO PRODUCT (PRO_ID,PRO_NAME,PRO_DESC,CAT_ID) VALUES(8, 'Jeans','Stretchable Denim Jeans with various sizes and color',5);
INSERT INTO PRODUCT(PRO_ID,PRO_NAME,PRO_DESC,CAT_ID) VALUES(9, 'Project IGI','compatible with windows 7 and above',2);
INSERT INTO PRODUCT (PRO_ID,PRO_NAME,PRO_DESC,CAT_ID) VALUES(10, 'Hoodie','Black GUCCI for 13 yrs and above',5);
INSERT INTO PRODUCT(PRO_ID,PRO_NAME,PRO_DESC,CAT_ID) VALUES(11, 'Rich Dad Poor Dad','Written by RObert Kiyosaki',1);
INSERT INTO PRODUCT (PRO_ID,PRO_NAME,PRO_DESC,CAT_ID) VALUES(12, 'Train Your Brain','By Shireen Stephen',1);


INSERT INTO SUPPLIER VALUES(1, 'Rajesh Retails','DELHI','1234567890');
INSERT INTO SUPPLIER VALUES(3, 'Knome products','Banglore','9785462315');
INSERT INTO SUPPLIER VALUES(2, 'Appario Ltd.','Mumbai','2589631470');
INSERT INTO SUPPLIER VALUES(4, 'Bansal Retails','Kochi','8975463285');
INSERT INTO SUPPLIER VALUES(5, 'Mittal Ltd.','Lucknow','7898456532');


INSERT INTO CUSTOMER VALUES(1, 'AAKASH','9999999999','DELHI','M');
INSERT INTO CUSTOMER VALUES(3, 'AMAN','9785463215','NOIDA','M');
INSERT INTO CUSTOMER VALUES(2, 'NEHA','9999999999','MUMBAI','F');
INSERT INTO CUSTOMER VALUES(4, 'MEGHA','9994562399','KOLKATA','F');
INSERT INTO CUSTOMER VALUES(5, 'PULKIT','7895999999','LUCKNOW','M');

INSERT INTO CATEGORY VALUES(1, 'BOOKS');
INSERT INTO CATEGORY VALUES(2, 'GAMES');
INSERT INTO CATEGORY VALUES(3, 'GROCERIES');
INSERT INTO CATEGORY VALUES(4, 'ELECTRONICS');
INSERT INTO CATEGORY VALUES(5, 'CLOTHES');
select * from category;


INSERT INTO SUPPLIER_PRICING VALUES(1, 1,2,1500);
INSERT INTO SUPPLIER_PRICING VALUES(2, 3,5,30000);
INSERT INTO SUPPLIER_PRICING VALUES(3, 5,1,3000);
INSERT INTO SUPPLIER_PRICING VALUES(4, 2,3,2500);
INSERT INTO SUPPLIER_PRICING VALUES(5, 4,1,1000);

INSERT INTO ORD(ORD_ID,ORD_AMT,ORD_DATE,CUS_ID,PRICING_ID) VALUES(101, 1500,'2021-10-06',2,1);
INSERT INTO ORD(ORD_ID,ORD_AMT,ORD_DATE,CUS_ID,PRICING_ID) VALUES(102, 1000,'2021-10-12',3,5);
INSERT INTO ORD(ORD_ID,ORD_AMT,ORD_DATE,CUS_ID,PRICING_ID) VALUES(103, 30000,'2021-09-16',5,2);
INSERT INTO ORD(ORD_ID,ORD_AMT,ORD_DATE,CUS_ID,PRICING_ID) VALUES(104, 1500,'2021-10-05',1,1);
INSERT INTO ORD(ORD_ID,ORD_AMT,ORD_DATE,CUS_ID,PRICING_ID) VALUES(105, 3000,'2021-08-16',4,3);
INSERT INTO ORD(ORD_ID,ORD_AMT,ORD_DATE,CUS_ID,PRICING_ID) VALUES(106, 1450,'2021-08-18',1,5);
INSERT INTO ORD(ORD_ID,ORD_AMT,ORD_DATE,CUS_ID,PRICING_ID) VALUES(107, 789,'2021-09-01',3,4);
INSERT INTO ORD(ORD_ID,ORD_AMT,ORD_DATE,CUS_ID,PRICING_ID) VALUES(108, 780,'2021-09-07',5,5);
INSERT INTO ORD(ORD_ID,ORD_AMT,ORD_DATE,CUS_ID,PRICING_ID) VALUES(109, 3000,'2021-10-10',5,3);
INSERT INTO ORD(ORD_ID,ORD_AMT,ORD_DATE,CUS_ID,PRICING_ID) VALUES(110, 2500,'2021-09-10',2,4);
INSERT INTO ORD(ORD_ID,ORD_AMT,ORD_DATE,CUS_ID,PRICING_ID) VALUES(111, 1000,'2021-09-15',4,5);
INSERT INTO ORD(ORD_ID,ORD_AMT,ORD_DATE,CUS_ID,PRICING_ID) VALUES(112, 789,'2021-09-16',4,3);
INSERT INTO ORD(ORD_ID,ORD_AMT,ORD_DATE,CUS_ID,PRICING_ID) VALUES(113, 31000,'2021-09-16',1,4);
INSERT INTO ORD(ORD_ID,ORD_AMT,ORD_DATE,CUS_ID,PRICING_ID) VALUES(114, 1000,'2021-09-16',3,5);
INSERT INTO ORD(ORD_ID,ORD_AMT,ORD_DATE,CUS_ID,PRICING_ID) VALUES(115, 3000,'2021-09-16',5,3);
INSERT INTO ORD(ORD_ID,ORD_AMT,ORD_DATE,CUS_ID,PRICING_ID) VALUES(116, 99,'2021-09-17',2,3);


INSERT INTO RATING(RAT_ID, RAT_RATSTARS,ORD_ID) VALUES(1, 4,101);
INSERT INTO RATING(RAT_ID, RAT_RATSTARS,ORD_ID) VALUES(2, 3,102);
INSERT INTO RATING(RAT_ID, RAT_RATSTARS,ORD_ID) VALUES(3, 1,103);
INSERT INTO RATING(RAT_ID, RAT_RATSTARS,ORD_ID) VALUES(4, 2,104);
INSERT INTO RATING(RAT_ID, RAT_RATSTARS,ORD_ID) VALUES(5, 4,105);
INSERT INTO RATING(RAT_ID, RAT_RATSTARS,ORD_ID) VALUES(6, 3,106);
INSERT INTO RATING(RAT_ID, RAT_RATSTARS,ORD_ID) VALUES(7, 4,107);
INSERT INTO RATING(RAT_ID, RAT_RATSTARS,ORD_ID) VALUES(8, 4,108);
INSERT INTO RATING(RAT_ID, RAT_RATSTARS,ORD_ID) VALUES(9, 3,109);
INSERT INTO RATING(RAT_ID, RAT_RATSTARS,ORD_ID) VALUES(10, 5,110);
INSERT INTO RATING(RAT_ID, RAT_RATSTARS,ORD_ID) VALUES(11, 3,111);
INSERT INTO RATING(RAT_ID, RAT_RATSTARS,ORD_ID) VALUES(12, 4,112);
INSERT INTO RATING(RAT_ID, RAT_RATSTARS,ORD_ID) VALUES(13, 2,113);
INSERT INTO RATING(RAT_ID, RAT_RATSTARS,ORD_ID) VALUES(14, 1,114);
INSERT INTO RATING(RAT_ID, RAT_RATSTARS,ORD_ID) VALUES(15, 1,115);
INSERT INTO RATING(RAT_ID, RAT_RATSTARS,ORD_ID) VALUES(16, 0,116);

SELECT * FROM RATING;
